{
  "assetsByChunkName": {
    "vendors~app-account~app-confirmation~app-order": "chunk.9afc8de4f21e8fb5c1ef.js",
    "vendors~app-account~app-checkout": "chunk.a8ae7048727ab55b5610.js",
    "vendors~app-cart~app-checkout": "chunk.4037d701cf361400a74e.js",
    "admin": [
      "admin.574d545b36b4b9835ec5.js",
      "admin.574d545b36b4b9835ec5.js.map"
    ],
    "app-account": "chunk.36c0e3bd0cfd8f85deb3.js",
    "app-checkout": "chunk.1652036dec0ae3f41007.js",
    "app-confirmation": "chunk.60ea4997b56fbe0b5c05.js",
    "checkout": [
      "checkout.8324aeb8f5f6fdf37f06.js",
      "checkout.8324aeb8f5f6fdf37f06.js.map"
    ],
    "storefront": [
      "storefront.609923d06eb5c9fec853.css",
      "storefront.9ed6b3372e32b96ee690.js",
      "storefront.609923d06eb5c9fec853.css.map",
      "storefront.9ed6b3372e32b96ee690.js.map"
    ],
    "vendors~app-cart": "chunk.9c9a00736af8faf99c1f.js",
    "vendors~app-order": "chunk.1ecf63959ed223f95915.js"
  }
}