{
  "meta_title": "Casa D'Patricio  - Planejados",
  "meta_description": "Casa D'Patricio  - Planejados - A sua melhor opção de compra pela internet",
  "sections": [
    {
      "type": "banner-slider",
      "autoplay": 4000,
      "full_width": false,
      "slides": [
        {
          "start": "",
          "end": "",
          "img": "/img/uploads/0a061cdc-bba2-4993-a66f-4feb925bdb2e1007grafiteccubaambientado.webp"
        },
        {
          "start": "",
          "end": "",
          "img": "/img/uploads/fd687a5e-b793-447f-bd49-286487b77f6ea4c52652standardresolution.webp"
        },
        {
          "start": "",
          "end": "",
          "img": "/img/uploads/e50dd422-380f-4a79-a7b3-cc6cd690acc057fe920f8460551851500x1500.webp"
        },
        {
          "start": "",
          "end": "",
          "img": "/img/uploads/ed165972-5e8b-489a-95f5-f1f827598aef52d7633b6937571951500x1500.webp"
        }
      ]
    },
    {
      "type": "info-bar",
      "enabled": true
    },
    {
      "autoplay": 1000,
      "page": 1,
      "title": "",
      "shuffle": true,
      "headless": false,
      "type": "collection-shelf",
      "limit": 12,
      "collection_id": null,
      "sort": "offers"
    },
    {
      "type": "page-title",
      "title": "Loja Casa D'Patricio - Sua melhor opção de compra pela internet",
      "description": "Loja Casa D'Patricio - Sua melhor opção de compra pela internet"
    }
  ]
}